#########################################
# sco-scotland


Celtic       =>  Celtic FC,       Glasgow
Rangers      =>  Rangers FC,      Glasgow
Partick      =>  Partick Thistle, Glasgow
Queens Park  =>  Queen's Park,    Glasgow


Hearts          =>  Heart of Midlothian FC,  Edinburgh   ## Gorgie - West of Edinburgh
Hibernian | Hibernians  =>  Hibernian FC,            Edinburgh   ## Leith  - North of Edinburgh
Edinburgh City  =>  Edinburgh City,          Edinburgh

Aberdeen  =>  Aberdeen FC, Aberdeen

Dundee         =>  Dundee FC, Dundee     ## depends on level (1) for mapping
Dundee United  =>  Dundee United, Dundee

Hamilton      =>  Hamilton Academical FC,  Hamilton
Kilmarnock    =>  Kilmarnock FC, Kilmarnock
Motherwell    =>  Motherwell FC, Motherwell
Ross County   =>  Ross County,  Dingwall
St Johnstone  =>  St Johnstone FC, Perth


Brechin       =>  Brechin City,  Brechin
Dumbarton     =>  Dumbarton,     Dumbarton
Dunfermline   =>  Dunfermline Athletic, Dunfermline
Falkirk       =>  Falkirk,  Falkirk
Morton        =>  Greenock Morton,  Greenock
Inverness C   =>  Inverness Caledonian Thistle, Inverness
Livingston    =>  Livingston FC, Livingston
Queen of Sth  =>  Queen of the South,  Dumfries
St Mirren     =>  Saint Mirren FC,  Paisley



## todo/check/fix: map Airdrie to Airdrieonians  - why? why not?
##
##  - x Airdrie (???) - 8 seasons in 1 level
##  - 2 (8): 2001-02........1994-95 (8)

Airdrie Utd | Airdrie   =>  Airdrieonians,    Airdrie


Albion Rvs         =>  Albion Rovers,    Coatbridge
Alloa          =>  Alloa Athletic,   Alloa
Arbroath       =>  Arbroath,         Arbroath
Ayr            =>  Ayr United,       Ayr
East Fife      =>  East Fife,        Methil
Forfar            =>  Forfar Athletic,  Forfar
Raith Rvs | Raith =>  Raith Rovers,     Kirkcaldy
Stranraer         =>  Stranraer,        Stranraer





Annan Athletic     =>  Annan Athletic,   Annan
Clyde              =>  Clyde,            Cumbernauld
Cowdenbeath        =>  Cowdenbeath,      Cowdenbeath
Elgin              =>  Elgin City,       Elgin
Montrose           =>  Montrose,         Montrose
Peterhead          =>  Peterhead,        Peterhead
Stenhousemuir      =>  Stenhousemuir,    Stenhousemuir
Stirling           =>  Stirling Albion,  Stirling



Clydebank       =>  Clydebank FC,  Clydebank         ## see https://en.wikipedia.org/wiki/Clydebank_F.C.
East Stirling   =>  East Stirlingshire FC,  Falkirk   ## see https://en.wikipedia.org/wiki/East_Stirlingshire_F.C.
Gretna          =>  Gretna FC, Gretna                 ## see https://en.wikipedia.org/wiki/Gretna_F.C.
